;ashp;wshp;gshp;gas;oil;LTDHN
0;0.07054279533708598;0.11258124978283408;0.1500559054198494;0.16368107528719414;0.14685461338746256;0.18504410186609568
