index;origin;radius;n_buildings;length;land_area;building_area;bhd;shd;lhd_energy;lhd_power;suitable-for
LTDHN;Via La Santa 1, Lugano, Svizzera;250.0;10;1792.2386374677694;92464.3999999884;75137.0;48.24194471432184;392.01627869758033;2022.4734163310802;1.0897069450158272;LTDH/HTDH
