index;bhd;shd;lhd_energy;lhd_power;suitable-for
HTDH;87.5224089292285;680.1148733018;4171.242034509583;2.1982332880135447;IHS/HTDH
