index;bhd;shd;lhd_energy;lhd_power;suitable-for
HTDH;87.5224089292285;680.1148733018;4056.9959733767223;2.1380259223107267;IHS/HTDH
